Customer ID,Gender,Age,Married,Number of Dependents,Tenure in Months,Contract,Offer,Number of Referrals,CLTV,Phone Service,Multiple Lines,Avg Monthly Long Distance Charges,Internet Type,Avg Monthly GB Download,Online Security,Online Backup,Device Protection Plan,Premium Tech Support,Streaming TV,Streaming Movies,Streaming Music,Unlimited Data,Monthly Charge,Paperless Billing,Payment Method,Total Refunds,Total Extra Data Charges
5019-GQVCR,Male,74,No,0,43,Two Year,,0,4556,Yes,Yes,8.81,Fiber Optic,7,No,No,No,No,Yes,No,No,Yes,84.85,Yes,Bank Withdrawal,0.0,0
3766-EJLFL,Female,55,Yes,3,68,Two Year,,1,6391,Yes,Yes,18.42,Fiber Optic,53,Yes,No,Yes,Yes,Yes,Yes,Yes,Yes,109.05,Yes,Bank Withdrawal,0.0,0
9764-REAFF,Female,60,Yes,0,59,Two Year,Offer B,9,4375,Yes,No,26.99,,0,No,No,No,No,No,No,No,No,18.4,No,Bank Withdrawal,0.0,0
6199-IPCAO,Female,62,Yes,2,29,Two Year,,8,2828,Yes,Yes,5.35,,0,No,No,No,No,No,No,No,No,26.1,No,Credit Card,0.0,0
2378-YIZKA,Female,61,Yes,1,68,Two Year,,7,6221,Yes,No,6.28,DSL,16,Yes,Yes,Yes,Yes,Yes,Yes,Yes,No,85.0,Yes,Credit Card,0.0,130
7964-VEXDG,Male,61,No,2,21,Month-to-Month,Offer D,0,4579,Yes,Yes,13.39,Fiber Optic,24,Yes,No,No,No,No,No,No,Yes,80.35,No,Bank Withdrawal,0.0,0
1666-JXLKU,Female,64,No,0,37,Month-to-Month,Offer C,0,2904,Yes,Yes,17.46,Fiber Optic,22,No,No,Yes,No,Yes,Yes,Yes,Yes,100.05,Yes,Bank Withdrawal,0.0,0
6734-GMPVK,Male,34,No,0,5,Month-to-Month,Offer E,0,4024,Yes,Yes,44.65,Fiber Optic,30,No,Yes,Yes,No,Yes,Yes,Yes,Yes,105.3,No,Bank Withdrawal,0.0,0
9761-XUJWD,Male,22,No,0,5,Month-to-Month,,0,5636,Yes,No,8.6,DSL,59,No,Yes,No,Yes,No,Yes,Yes,Yes,65.6,Yes,Bank Withdrawal,0.0,0
2720-WGKHP,Male,65,No,0,2,Month-to-Month,Offer E,0,5569,Yes,Yes,20.99,Fiber Optic,22,No,No,No,No,Yes,Yes,Yes,Yes,94.0,Yes,Bank Withdrawal,0.0,0
2625-TRCZQ,Female,21,Yes,0,51,Month-to-Month,Offer B,0,5528,No,No,0.0,DSL,42,No,Yes,No,No,Yes,Yes,Yes,Yes,49.65,Yes,Bank Withdrawal,0.0,0
4980-URKXC,Male,26,Yes,0,36,One Year,,1,5744,Yes,No,12.61,,0,No,No,No,No,No,No,No,No,20.85,No,Bank Withdrawal,0.0,0
1409-PHXTF,Male,77,Yes,0,54,Two Year,Offer B,5,4425,Yes,Yes,32.56,Fiber Optic,16,No,Yes,Yes,Yes,Yes,Yes,No,Yes,110.45,Yes,Bank Withdrawal,0.0,0
7927-AUXBZ,Female,45,No,0,30,Month-to-Month,Offer C,0,4417,Yes,No,9.34,Fiber Optic,8,No,No,No,Yes,Yes,No,No,Yes,85.15,No,Bank Withdrawal,0.0,0
0254-FNMCI,Female,19,No,0,72,Two Year,,0,5234,Yes,No,41.91,Fiber Optic,73,Yes,Yes,Yes,Yes,Yes,Yes,Yes,Yes,109.9,Yes,Bank Withdrawal,0.0,0
8720-RQSBJ,Male,69,No,0,1,Two Year,Offer E,0,4320,Yes,No,28.67,DSL,4,No,No,No,No,No,No,No,Yes,44.0,No,Bank Withdrawal,0.0,0
3462-BJQQA,Female,23,No,0,6,Month-to-Month,,0,2370,Yes,Yes,34.42,Fiber Optic,42,No,Yes,No,No,Yes,No,No,No,89.75,Yes,Bank Withdrawal,0.0,60
5678-VFNEQ,Female,19,Yes,0,71,One Year,Offer A,8,4695,Yes,Yes,4.39,Fiber Optic,82,Yes,No,Yes,No,Yes,Yes,Yes,Yes,104.1,Yes,Credit Card,0.0,0
0298-XACET,Male,35,Yes,2,52,Two Year,,1,5396,No,No,0.0,DSL,17,No,Yes,Yes,Yes,Yes,No,No,Yes,50.2,No,Credit Card,27.01,0
7811-JIVPF,Female,44,No,0,23,Month-to-Month,,0,4790,Yes,No,42.26,Cable,2,No,No,Yes,No,No,No,No,No,49.7,No,Credit Card,0.0,150
8073-IJDCM,Female,44,No,0,1,Month-to-Month,Offer E,0,3830,Yes,No,26.37,,0,No,No,No,No,No,No,No,No,20.3,Yes,Mailed Check,0.0,0
3597-MVHJT,Female,49,No,0,27,Month-to-Month,,0,2026,Yes,Yes,35.17,Fiber Optic,24,No,No,No,No,Yes,Yes,Yes,Yes,95.6,Yes,Bank Withdrawal,0.0,0
3551-GAEGL,Male,23,Yes,0,34,One Year,,0,4697,No,No,0.0,DSL,42,Yes,No,No,No,No,No,No,Yes,30.4,No,Bank Withdrawal,0.0,0
0480-BIXDE,Female,58,Yes,0,19,Month-to-Month,Offer D,9,3249,Yes,No,10.68,Fiber Optic,23,No,No,Yes,No,Yes,Yes,Yes,Yes,96.8,Yes,Bank Withdrawal,0.0,0
3797-FKOGQ,Male,31,No,2,11,Month-to-Month,,0,3157,Yes,Yes,5.84,Fiber Optic,10,No,No,No,No,No,Yes,Yes,No,86.2,No,Bank Withdrawal,0.0,30
2368-GAKKQ,Female,28,No,0,70,Two Year,Offer A,0,6424,Yes,Yes,17.32,Fiber Optic,30,Yes,Yes,Yes,Yes,Yes,Yes,Yes,Yes,113.65,Yes,Bank Withdrawal,0.0,0
0679-IDSTG,Female,73,Yes,0,1,Month-to-Month,,1,4568,Yes,No,37.3,Fiber Optic,8,No,No,No,No,No,No,No,Yes,69.25,Yes,Bank Withdrawal,0.0,0
4817-QRJSX,Female,46,No,0,10,Month-to-Month,Offer D,0,2946,Yes,Yes,49.5,Fiber Optic,19,No,Yes,No,No,No,No,No,Yes,81.0,Yes,Credit Card,0.0,0
3099-OONVS,Male,34,Yes,1,25,Month-to-Month,Offer C,6,3971,Yes,No,37.97,DSL,22,Yes,No,No,Yes,No,No,No,Yes,54.3,No,Bank Withdrawal,0.0,0
9692-TUSXH,Female,23,No,0,18,Month-to-Month,Offer D,0,5581,Yes,No,35.7,Fiber Optic,26,Yes,No,No,No,Yes,Yes,Yes,Yes,96.05,Yes,Bank Withdrawal,0.0,0
