,Logistic Regression,Decision Tree,Random Forest,XGBoost
cat__Contract_Month-to-Month,0.03730605285592496,0.1533556795577255,0.04210622852566587,0.09198648893022286
num__Number of Referrals,0.11187320778113621,0.09436371386499255,0.0302852049910873,0.07314590922007799
num__Number of Dependents,0.019344080188069955,0.020270738071249562,0.011798548141259125,0.028101087602366348
num__Tenure in Months,0.051612286548347944,0.02149215944612356,0.011973959544291968,0.02202536877728687
num__Age,0.005313751323981497,0.014502053785941138,0.006435712624970946,0.013663359942132258
num__Monthly Charge,0.2610945774884394,0.03326293626805125,0.006358469606551409,0.012244826784468709
cat__Contract_Two Year,0.021265855485804352,0.005956237567490674,0.00993257382004178,0.006720271771422637
cat__Married_No,0.012008576816760975,7.24637681158935e-05,0.0018238652509751318,0.0036540597793794484
cat__Streaming Music_No,0.002899842413908937,0.0,0.0005970187811619732,0.003054845126456307
cat__Payment Method_Credit Card,0.002831382882533795,0.0032183729881939183,1.5500271254698107e-05,0.0021212121212120794
num__Avg Monthly GB Download,0.0003038053165930754,0.0,0.0010049342530160654,0.0018068149525949594
cat__Contract_One Year,-0.00020899532408478195,0.0,0.0007791469684052532,0.0016253326099872733
cat__Streaming TV_No,-8.240977550438844e-05,0.0,0.00023973752874003606,0.0007159833630421275
num__Avg Monthly Long Distance Charges,-1.3691906275015154e-05,0.0013717740060450012,-0.00021777881112922115,0.0007153375184065003
cat__Offer_Offer B,0.0002500710429099051,0.0,1.3175230566508933e-05,0.0005786767935104797
cat__Payment Method_Mailed Check,0.0018783745382211059,0.0,0.001125578030948815,0.00048025007104283144
cat__Paperless Billing_No,1.6533622671754956e-05,0.0,-0.0007166292076778103,0.0004575163398692128
cat__Online Security_No,0.0003670980908832666,0.0006417112299464511,-0.00013562737347908583,0.00041062801932365554
cat__Premium Tech Support_No,0.0004055904311658587,0.0,2.9708853238230582e-05,0.00040184453227931627
cat__Married_Yes,0.010334547521248284,0.0,0.001730346947738215,0.00039654860626718856
cat__Internet Type_Fiber Optic,0.028828179493141128,0.0014075537988581077,-0.0008127308894572916,0.0003308016223616872
cat__Multiple Lines_No,0.0002428375829910512,0.0,-0.0002978635459454093,0.0002854633289415265
cat__Offer_Offer E,0.0006401612028210657,0.0,-0.00012348549432953382,0.0002410292180112017
cat__Tenure Group_49-72,0.0008997907463380583,0.0,0.0007145625048437965,0.00024025420444850898
cat__Internet Type_Cable,-2.5575447570336253e-05,0.0,0.0002601462192254655,0.00020550776305247042
cat__Unlimited Data_No,0.001750497300369458,0.0,-0.0002343124338009428,0.0001746363894700953
cat__Streaming Music_Yes,0.00199385155906896,-0.00012426050789223763,0.0007902554961378039,0.00013769407631294416
cat__Streaming Movies_No,0.00012787723785165906,0.0,0.0004916169366296685,0.00011922291973436306
cat__Streaming Movies_Yes,0.0007197292619287587,0.0,0.00039293187630776714,9.145160040291422e-05
cat__Phone Service_No,0.00476375003229228,0.0,-0.00012968560283144193,5.799684827809681e-05
num__Total Refunds,0.00017334470019895188,0.0,2.195871761083712e-05,5.0892557286319474e-05
cat__Internet Type_DSL,-2.9708853238252785e-05,0.0,-0.0002188121625462225,4.8825854452394514e-05
cat__Gender_Male,-0.00011056860161715588,0.0,-9.351830323700572e-05,4.23674080962777e-05
cat__Online Security_Yes,0.0007375545738717015,0.0,-0.0003508228060658092,3.422976568753233e-05
cat__Online Backup_No,-0.00039629026841301316,0.0,-0.0001469942390658674,3.616729959365905e-06
cat__Phone Service_Yes,0.0054847709834922485,0.0,-0.0002250122710481195,0.0
cat__Multiple Lines_Yes,1.7050298380294483e-05,0.0,-0.00020202020202023663,0.0
cat__Device Protection Plan_Yes,5.9676044330836395e-05,0.0,0.00025937120566272843,0.0
cat__Device Protection Plan_No,-5.140923299489231e-05,0.0,-2.8675501821329163e-05,0.0
cat__Unlimited Data_Yes,0.0010408432147562374,0.0,-0.0004301325273192602,0.0
cat__Streaming TV_Yes,0.00016120282104939987,0.0,0.00019633676922679034,0.0
cat__Tenure Group_25-48,0.00011806039939031843,0.0,9.119326254869442e-05,0.0
cat__Tenure Group_13-24,0.0003952569169960229,3.0742204655209715e-05,3.358392105189401e-05,0.0
cat__Online Backup_Yes,-0.0004151489317729795,0.0,8.44764783383134e-05,-7.750135628370459e-07
cat__Offer_Offer A,0.0010186261592911362,0.0,1.0333514169769132e-05,-2.027952155837509e-05
cat__Premium Tech Support_Yes,0.0007856054147614589,0.0,-4.650081376478265e-06,-2.5187940788995445e-05
cat__Tenure Group_0-12,-0.00013097729210261865,0.0,0.0025177607274793567,-9.325996538280811e-05
cat__Payment Method_Bank Withdrawal,0.00013950244129273814,0.0,-0.00032318065566151467,-9.765170890497776e-05
num__Total Extra Data Charges,-0.0002139037433154578,0.0,-0.0001552610504017671,-0.00010411015526111678
cat__Offer_Offer C,-0.0010653853109095835,0.0,4.13340566789433e-06,-0.00013950244129281585
cat__Internet Type_No Internet Service,0.016305510346431094,0.0,-5.941770647654998e-05,-0.0001500942933168048
cat__Offer_Offer D,0.0004978170451316654,0.0,-0.0002366374744892097,-0.00015358185434919403
num__CLTV,2.7383812550074715e-05,-0.004302487793536503,-3.177555607227767e-05,-0.00016417370637323848
cat__Offer_No Offer,0.00016998630809371694,0.0,-0.00013252731922811512,-0.000171277997365038
cat__Paperless Billing_Yes,-0.00010643519594922823,0.0,-0.0008080808080808466,-0.0002458084683149009
cat__Gender_Female,3.642563744871152e-05,0.0,-1.2658554858069326e-05,-0.00035637706993216776
num__Total Services,0.048429305846185634,0.002760081634761802,-0.0006825286109174544,-0.0004390451832907538
